Workbook

Sheet Cases
A1: =DATE(2025,1,1) -> 45658
A2: =DATE(2025,13,1) -> 46023
A3: =DATE(2025,1,0) -> 45657
A4: =DATE(2025,0,1) -> 45627
A5: =DATE(2025,-1,15) -> 45611
A6: =DATE(2025,1,-1) -> 45656
A7: =DATE(2025,2,29) -> 45717
A8: =DATE(2024,2,29) -> 45351
A9: =DATE(99,1,1) -> 36161
A10: =DATE(1899,12,31) -> 693962
A11: =DATE(1900,1,1) -> 1
A12: =DATE(1900,2,28) -> 59
A13: =DATE(1900,2,29) -> 60
A14: =DATE(1900,3,1) -> 61
A15: =DATE(1900,1,0) -> 0
A16: =DATE(-1,1,1) -> #NUM!
A17: =DATE(10000,1,1) -> #NUM!
A18: =DATE(9999,12,31) -> 2958465
A19: =DATE(2025.9,1.9,1.9) -> 45658
A20: =DATE(1900,3,1)-DATE(1900,2,28) -> 2
A21: =TIME(12,30,0) -> 0.52083333
A22: =TIME(25,0,0) -> 0.041666667
A23: =TIME(0,90,0) -> 0.0625
A24: =TIME(23,59,59) -> 0.99998843
A25: =TIME(0,0,-1) -> #NUM!
A26: =YEAR(45306) -> 2024
A27: =MONTH(45351) -> 2
A28: =DAY(45351) -> 29
A29: =YEAR(0) -> 1900
A30: =MONTH(0) -> 1
A31: =DAY(0) -> 0
A32: =DAY(60) -> 29
A33: =MONTH(60) -> 2
A34: =DAY(61) -> 1
A35: =YEAR(2958465) -> 9999
A36: =YEAR(2958466) -> #NUM!
A37: =YEAR(-1) -> #NUM!
A38: =YEAR("2025-03-01") -> 2025
A39: =MONTH("Mar 1, 2025") -> 3
A40: =DAY("2025/3/14") -> 14
A41: =HOUR(0.75) -> 18
A42: =HOUR(1.5) -> 12
A43: =HOUR("13:45") -> 13
A44: =MINUTE(0.5104166667) -> 15
A45: =MINUTE("1:59:59 PM") -> 59
A46: =SECOND(TIME(1,2,3)) -> 3
A47: =SECOND(0.999999) -> 0
A48: =WEEKDAY(0) -> 7
A49: =WEEKDAY(1) -> 1
A50: =WEEKDAY(59) -> 3
A51: =WEEKDAY(60) -> 4
A52: =WEEKDAY(61) -> 5
A53: =WEEKDAY(45306) -> 2
A54: =WEEKDAY(45306,2) -> 1
A55: =WEEKDAY(45306,3) -> 0
A56: =WEEKDAY(45306,11) -> 1
A57: =WEEKDAY(45306,14) -> 5
A58: =WEEKDAY(45306,17) -> 2
A59: =WEEKDAY(45306,4) -> #NUM!
A60: =WEEKNUM(45306) -> 3
A61: =WEEKNUM(45306,2) -> 3
A62: =WEEKNUM(45306,21) -> 3
A63: =WEEKNUM(45292) -> 1
A64: =WEEKNUM(45657) -> 53
A65: =WEEKNUM(60) -> 9
A66: =_xlfn.ISOWEEKNUM(45292) -> 1
A67: =_xlfn.ISOWEEKNUM(45657) -> 1
A68: =_xlfn.ISOWEEKNUM(45658) -> 1
A69: =_xlfn.ISOWEEKNUM(60) -> 9
A70: =EDATE(45322,1) -> 45351
A71: =EDATE(45351,12) -> 45716
A72: =EDATE(45351,-1) -> 45320
A73: =EDATE(59,1) -> 88
A74: =EDATE(45306,0.9) -> 45306
A75: =EOMONTH(45306,0) -> 45322
A76: =EOMONTH(45306,1) -> 45351
A77: =EOMONTH(45306,-1) -> 45291
A78: =EOMONTH(45,0) -> 59
A79: =EOMONTH(31,0) -> 31
A80: =EOMONTH(45306,-1500) -> #NUM!
A81: =DATEDIF(45306,45717,"y") -> 1
A82: =DATEDIF(45306,45717,"m") -> 13
A83: =DATEDIF(45306,45717,"d") -> 411
A84: =DATEDIF(45306,45717,"md") -> 14
A85: =DATEDIF(45306,45717,"ym") -> 1
A86: =DATEDIF(45306,45717,"yd") -> 45
A87: =DATEDIF(45717,45306,"d") -> #NUM!
A88: =DATEDIF(45351,45716,"y") -> 0
A89: =DATEDIF(45322,45351,"md") -> 29
A90: =DATEDIF(59,61,"d") -> 2
A91: =DATEDIF(45306,45717,"x") -> #NUM!
A92: =_xlfn.DAYS(45717,45306) -> 411
A93: =_xlfn.DAYS(61,59) -> 2
A94: =_xlfn.DAYS("2025-03-01","2024-01-15") -> 411
A95: =DAYS360(45306,45717) -> 406
A96: =DAYS360(45351,45716) -> 358
A97: =DAYS360(45351,45716,TRUE) -> 359
A98: =DAYS360(45322,45351) -> 29
A99: =YEARFRAC(45306,45717) -> 1.1277778
A100: =YEARFRAC(45306,45717,1) -> 1.124487
...

Sheet Data
F1: 45306 | T1: 45658
F2: 45351 | T2: 45677
F3: 45657 | T3: 45705
F4: 45717
F5: 59
F6: 61
