Workbook

Sheet Cases
A1: =AVERAGE(Data!A1:A10) -> 3.9
A2: =AVERAGE(Data!C1:C8) -> 20
A3: =AVERAGE(1,"2",TRUE) -> 1.3333333
A4: =AVERAGE(Data!H1) -> #DIV/0!
A5: =AVERAGEA(Data!C1:C8) -> 8.7142857
A6: =MEDIAN(Data!A1:A10) -> 3.5
A7: =MEDIAN(Data!A1:A9) -> 4
A8: =MODE(Data!A1:A10) -> 3
A9: =_xlfn.MODE.SNGL(Data!A1:A10) -> 3
A10: {=INDEX(_xlfn.MODE.MULT(Data!A1:A10),2)} -> 1
A11: =MODE(1,2,3) -> #N/A
A12: =COUNT(Data!C1:C8) -> 3
A13: =COUNT(1,"2","x",TRUE) -> 3
A14: =COUNTA(Data!C1:C8) -> 7
A15: =COUNTA(Data!H1:H4) -> 3
A16: =COUNTBLANK(Data!H1:H4) -> 2
A17: =COUNTBLANK(Data!C1:C8) -> 1
A18: =MAX(Data!A1:A10) -> 9
A19: =MIN(Data!D1:D6) -> -7
A20: =MAX(Data!C1:C8) -> 30
A21: =MAXA(Data!C1:C8) -> 30
A22: =MINA(Data!C1:C8) -> 0
A23: =MAX(Data!E1:E6) -> 0
A24: =MAX("5",3) -> 5
A25: =MIN(Data!G1:G3) -> #N/A
A26: =LARGE(Data!A1:A10,2) -> 6
A27: =LARGE(Data!A1:A10,0) -> #NUM!
A28: =LARGE(Data!A1:A10,11) -> #NUM!
A29: =SMALL(Data!A1:A10,3) -> 2
A30: =SMALL(Data!D1:D6,1) -> -7
A31: =RANK(5,Data!A1:A10) -> 3
A32: =RANK(5,Data!A1:A10,1) -> 7
A33: =_xlfn.RANK.EQ(1,Data!A1:A10) -> 9
A34: =_xlfn.RANK.AVG(1,Data!A1:A10) -> 9.5
A35: =_xlfn.RANK.AVG(5,Data!A1:A10,1) -> 7.5
A36: =RANK(7,Data!A1:A10) -> #N/A
A37: =PERCENTILE(Data!A1:A10,0.25) -> 2.25
A38: =_xlfn.PERCENTILE.INC(Data!A1:A10,0.9) -> 6.3
A39: =_xlfn.PERCENTILE.EXC(Data!A1:A10,0.25) -> 1.75
A40: =_xlfn.PERCENTILE.EXC(Data!A1:A10,0.05) -> #NUM!
A41: =PERCENTILE(Data!A1:A10,1.5) -> #NUM!
A42: =QUARTILE(Data!A1:A10,1) -> 2.25
A43: =_xlfn.QUARTILE.INC(Data!A1:A10,3) -> 5
A44: =_xlfn.QUARTILE.EXC(Data!A1:A10,1) -> 1.75
A45: =QUARTILE(Data!A1:A10,5) -> #NUM!
A46: =PERCENTRANK(Data!A1:A10,4) -> 0.555
A47: =PERCENTRANK(Data!A1:A10,4.5) -> 0.611
A48: =_xlfn.PERCENTRANK.INC(Data!A1:A10,4,5) -> 0.55555
A49: =_xlfn.PERCENTRANK.EXC(Data!A1:A10,4) -> 0.545
A50: =PERCENTRANK(Data!A1:A10,10) -> #N/A
A51: =STDEV(Data!A1:A10) -> 2.4698178
A52: =_xlfn.STDEV.S(Data!A1:A10) -> 2.4698178
A53: =STDEVP(Data!A1:A10) -> 2.3430749
A54: =_xlfn.STDEV.P(Data!A1:A10) -> 2.3430749
A55: =STDEVA(Data!C1:C8) -> 12.037639
A56: =STDEVPA(Data!C1:C8) -> 11.144688
A57: =STDEV(Data!C1:C8) -> 10
A58: =STDEV(5) -> #DIV/0!
A59: =VAR(Data!A1:A10) -> 6.1
A60: =_xlfn.VAR.S(Data!A1:A10) -> 6.1
A61: =VARP(Data!A1:A10) -> 5.49
A62: =_xlfn.VAR.P(Data!A1:A10) -> 5.49
A63: =VARA(Data!C1:C8) -> 144.90476
A64: =VARPA(Data!C1:C8) -> 124.20408
A65: =AVEDEV(Data!A1:A10) -> 1.9
A66: =DEVSQ(Data!A1:A10) -> 54.9
A67: =GEOMEAN(Data!A1:A10) -> 3.1533097
A68: =GEOMEAN(Data!D1:D6) -> #NUM!
A69: =HARMEAN(Data!A1:A10) -> 2.4423338
A70: =TRIMMEAN(Data!A1:A10,0.2) -> 3.625
A71: =TRIMMEAN(Data!A1:A10,0.25) -> 3.625
A72: =KURT(Data!W1:W8) -> -0.64127254
A73: =KURT(1,2,3) -> #DIV/0!
A74: =SKEW(Data!W1:W8) -> 0.046306493
A75: =_xlfn.SKEW.P(Data!W1:W8) -> 0.037127793
A76: =CORREL(Data!W1:W8,Data!X1:X8) -> 0.79187463
A77: =PEARSON(Data!W1:W8,Data!X1:X8) -> 0.79187463
A78: =CORREL(Data!A1:A3,Data!Y1:Y3) -> #DIV/0!
A79: =COVAR(Data!W1:W8,Data!X1:X8) -> 3.8364062
A80: =_xlfn.COVARIANCE.P(Data!W1:W8,Data!X1:X8) -> 3.8364062
A81: =_xlfn.COVARIANCE.S(Data!W1:W8,Data!X1:X8) -> 4.3844643
A82: =SLOPE(Data!X1:X8,Data!W1:W8) -> 0.69913722
A83: =SLOPE(Data!A1:A3,Data!B1:B4) -> #N/A
A84: =INTERCEPT(Data!X1:X8,Data!W1:W8) -> 0.81050998
A85: =RSQ(Data!X1:X8,Data!W1:W8) -> 0.62706543
A86: =STEYX(Data!X1:X8,Data!W1:W8) -> 1.4583869
A87: =FORECAST(10,Data!X1:X8,Data!W1:W8) -> 7.8018822
A88: =_xlfn.FORECAST.LINEAR(10,Data!X1:X8,Data!W1:W8) -> 7.8018822
A89: {=TREND(Data!X1:X8,Data!W1:W8,10)} -> 7.8018822
A90: {=GROWTH(Data!X1:X8,Data!W1:W8,10)} -> 10.064544
A91: {=INDEX(LINEST(Data!X1:X8,Data!W1:W8),1)} -> 0.69913722
A92: {=INDEX(LINEST(Data!X1:X8,Data!W1:W8),2)} -> 0.81050998
A93: =INDEX(LINEST(Data!X1:X8,Data!W1:W8,TRUE,TRUE),3,1) -> 0.62706543
A94: {=INDEX(LOGEST(Data!X1:X8,Data!W1:W8),1)} -> 1.2206016
A95: =STANDARDIZE(5,4,2) -> 0.5
A96: =NORMDIST(1,0,1,TRUE) -> 0.84134475
A97: =_xlfn.NORM.DIST(1.5,1,2,FALSE) -> 0.19333406
A98: =NORMINV(0.95,0,1) -> 1.6448536
A99: =_xlfn.NORM.INV(0.25,10,2) -> 8.6510205
A100: =_xlfn.NORM.INV(0,0,1) -> #NUM!
...

Sheet Data
A1: 3 | B1: 2 | C1: 10 | D1: -2.5 | E1: apple | G1: #N/A | W1: 2.5 | X1: 1.1 | Y1: 0
A2: 1 | B2: 7 | C2: text | D2: 0 | E2: Banana | G2: #DIV/0! | H2: ="" | W2: 3.7 | X2: 2.9 | Y2: 0
A3: 4 | B3: 1 | C3: TRUE | D3: 1.25 | E3: cherry | G3: 7 | W3: 1.2 | X3: 2.2 | Y3: 0
A4: 1 | B4: 8 | D4: -7 | E4: apple pie | H4: 0 | W4: 8.8 | X4: 4.8
A5: 5 | B5: 2 | C5: 20 | D5: 100 | E5: date | W5: 4.4 | X5: 3.9
A6: 9 | B6: 8 | C6: 5 | D6: 0.001 | E6: Apple | W6: 6.1 | X6: 6.2
A7: 2 | B7: 1 | C7: FALSE | W7: 5.5 | X7: 5.1
A8: 6 | B8: 8 | C8: 30 | W8: 7.3 | X8: 7.9
A9: 5 | B9: 2
A10: 3 | B10: 8
