Workbook

Sheet Cases
A1: =LEN("hello") -> 5
A2: =LEN("") -> 0
A3: =LEN(Data!H1) -> 0
A4: =LEN(Data!H3) -> 1
A5: =LEN(12.5) -> 4
A6: =LEN(1/3) -> 17
A7: =LEN(TRUE) -> 4
A8: =LEN("é") -> 1
A9: =LEN(_xlfn.UNICHAR(128512)) -> 1
A10: =LEN(Data!U3) -> 7
A11: =LEFT("hello",2) -> he
A12: =LEFT("hello") -> h
A13: =LEFT("hello",0)
A14: =LEFT("hello",10) -> hello
A15: =LEFT("hello",-1) -> #VALUE!
A16: =LEFT(1234,2) -> 12
A17: =RIGHT("hello",3) -> llo
A18: =RIGHT("hello",0)
A19: =MID("hello",2,3) -> ell
A20: =MID("hello",10,2)
A21: =MID("hello",0,2) -> #VALUE!
A22: =MID("hello",2,-1) -> #VALUE!
A23: =UPPER("MiXeD") -> MIXED
A24: =LOWER("MiXeD") -> mixed
A25: =PROPER("hello WORLD o'neil 2nd-place") -> Hello World O'Neil 2Nd-Place
A26: =PROPER("école élève") -> École Élève
A27: =UPPER(Data!U3) -> ÜNÏCÖDÉ
A28: =TRIM(Data!U1) -> lead and trail
A29: =TRIM(Data!U2) -> a b c
A30: =TRIM(" ")
A31: =CLEAN("a"&CHAR(7)&"b") -> ab
A32: =CLEAN(CHAR(10)&"x") -> x
A33: =CONCATENATE("a",1,TRUE) -> a1TRUE
A34: =_xlfn.CONCAT(Data!E1:E3) -> appleBananacherry
A35: =_xlfn.CONCAT("a",Data!A1:A3) -> a314
A36: =_xlfn.TEXTJOIN(", ",TRUE,Data!E1:E3) -> apple, Banana, cherry
A37: =_xlfn.TEXTJOIN("-",FALSE,Data!H1:H3) -> --
A38: =_xlfn.TEXTJOIN("-",TRUE,Data!H1:H3)
A39: =_xlfn.TEXTJOIN({",",";"},TRUE,"a","b","c") -> a,b;c
A40: ="a"&1.5&TRUE -> a1.5TRUE
A41: =1&2 -> 12
A42: =Data!H1&"x" -> x
A43: =REPT("ab",3) -> ababab
A44: =REPT("x",0)
A45: =REPT("x",-1) -> #VALUE!
A46: =REPT("x",2.9) -> xx
A47: =LEN(REPT("x",32767)) -> 32767
A48: =REPT("x",32768) -> #VALUE!
A49: =SUBSTITUTE("a-b-c","-","+") -> a+b+c
A50: =SUBSTITUTE("a-b-c","-","+",2) -> a-b+c
A51: =SUBSTITUTE("aaa","a","b",4) -> aaa
A52: =SUBSTITUTE("Abc","a","x") -> Abc
A53: =SUBSTITUTE("abc","","x") -> abc
A54: =REPLACE("abcdef",2,3,"X") -> aXef
A55: =REPLACE("abc",5,1,"X") -> abcX
A56: =REPLACE("abc",0,1,"X") -> #VALUE!
A57: =FIND("b","abcb") -> 2
A58: =FIND("b","abcb",3) -> 4
A59: =FIND("B","abc") -> #VALUE!
A60: =FIND("","abc") -> 1
A61: =FIND("c","abc",5) -> #VALUE!
A62: =SEARCH("B","abc") -> 2
A63: =SEARCH("b?","abcb") -> 2
A64: =SEARCH("*c","abc") -> 1
A65: =SEARCH("~*","a*b") -> 2
A66: =SEARCH("x","abc") -> #VALUE!
A67: =SEARCH("","abc",2) -> 2
A68: =EXACT("a","A") -> FALSE
A69: =EXACT("a","a") -> TRUE
A70: =EXACT(1,"1") -> TRUE
A71: =VALUE("1,234.5") -> 1234.5
A72: =VALUE("$1,200") -> 1200
A73: =VALUE("12%") -> 0.12
A74: =VALUE("1e3") -> 1000
A75: =VALUE(" 42 ") -> 42
A76: =VALUE("3/4/2025") -> 45720
A77: =VALUE("12:30") -> 0.52083333
A78: =VALUE("(5)") -> -5
A79: =VALUE("1 1/2") -> 1.5
A80: =VALUE("abc") -> #VALUE!
A81: =VALUE("") -> #VALUE!
A82: =VALUE(TRUE) -> #VALUE!
A83: =_xlfn.NUMBERVALUE("1.234,5",",",".") -> 1234.5
A84: =_xlfn.NUMBERVALUE("12%%") -> 0.0012
A85: =_xlfn.NUMBERVALUE(" 1 000 ") -> 1000
A86: =_xlfn.NUMBERVALUE("") -> 0
A87: =FIXED(1234.567) -> 1,234.57
A88: =FIXED(1234.567,1) -> 1,234.6
A89: =FIXED(1234.567,-1) -> 1,230
A90: =FIXED(1234.567,2,TRUE) -> 1234.57
A91: =FIXED(-0.5,0) -> -1
A92: =DOLLAR(1234.567) -> $1,234.57
A93: =DOLLAR(-1234.567,1) -> ($1,234.6)
A94: =DOLLAR(0.5,0) -> $1
A95: =CHAR(65) -> A
A96: =CHAR(0) -> #VALUE!
A97: =CHAR(256) -> #VALUE!
A98: =CODE("A") -> 65
A99: =CODE("abc") -> 97
A100: =CODE("") -> #VALUE!
...

Sheet Data
A1: 3 | E1: apple | U1: lead and trail
A2: 1 | E2: Banana | H2: ="" | U2: a b c
A3: 4 | E3: cherry | U3: Ünïcödé
A4: 1 | E4: apple pie | H4: 0 | U4: x-y-z-w
A5: 5 | E5: date
A6: 9 | E6: Apple
A7: 2
A8: 6
A9: 5
A10: 3
